phrase,english,pinyin,color,comments
一,one; as soon as,yī,teal,
在,"in, at, on, etc.; indicating an action in progress; exist, live, be at/in/on, depend on, rest with",zài,light-blue,
有,"there is, have, possess; there is/are",yǒu,dark-grey,
個,"(counter for general items) piece, item",gè,pink,
我,"I, me",wǒ,lime,
不,"no, not",bù,brown,
這,"this, that, it",zhè,brown,
他,"he, them (gender unknown), it, they (referring to inanimate things in object position)",tā,lime,
也,"also, too, as well, either, even",yě,light-blue,
就,"then, at once, right away, an indicator strengthening speaker's evaluation; prep.: with regard to, concerning",jiù,yellow,
人,"person, people, human",rén,dark-blue,
都,"all, even, already",dōu,teal,
說,"speak, talk, say, explain",shuō,light-blue,
而,conj.: and yet,ér,dark-grey,
們,plural marker for personal pronouns or for nouns referring to people; pluralizer after pronouns and nouns of persons,men,white,
你,you,nǐ,light-grey,
了,particle: indicating new situation or completed action,le,pink,
要,"want, need, must, should; want/wish (to), ask (for); demand, request",yào,purple,
會,"to be able, can, will, to meet",huì,brown,
對,"correct, true, toward; right; correct",duì,blue,
及,"to reach, to catch up, and",jí,brown,
和,"and, with, gentle, peaceful; together) with",hé,lime,
與,"and, together with, to give",yǔ,cyan,
以,"using, taking, from a point on, because of; conj.: in order to, so as to",yǐ,light-grey,
很,"very, quite",hěn,orange,
種,"type, kind, to plant",zhǒng,brown,
的,"particle: indicate possession (""他的"", ""his"")",de,orange,
大,"big, great",dà,grey,
能,"can, or to be capable of",néng,cyan,
著,"aspect particle indicating action in progress / ongoing state, to use, to apply, to touch, to feel, to be affected by, to catch fire, to fall asleep",zhe,black,
她,"she, her",tā,dark-blue,
那,"that, there; then, in that case",nà,grey,
上,"up, on, above; det.: preceding, previous; go up, mount, board, get on, go to, go to, leave for, present, forge/go ahead, enter, place sth. in position",shàng,red,
但,"but, yet, still, nevertheless, only, merely",dàn,yellow,
年,year,nián,light-blue,
還,"still, yet, also, too, as well, besides",hái,grey,
可以,"can, may",kěyǐ,purple,
最,"most, to the highest degree, much, superlatively",zuì,orange,
自己,"self, oneself",zìjǐ,cyan,
為,"for; be, become",wéi,cyan,
來,"come, arrive; time (since); particle: used to denote the beginning of an action",lái,tan,
所,that which,suǒ,tan,
他們,they,tāmen,purple,
兩,"det.: two, both (sides), either (side), a few, some",liǎng,brown,
各,"each, every, respectively",gè,red,
可,"can, may",kě,red,
或,"conj.: or, either or",huò,blue,
好,"okay (in agreement), good; very, quite, good to, easy to",hǎo,grey,
等,"to wait, etc / and so on",děng,lime,
又,"again, moreover; conj.: and, in addition, but, on the other hand",yòu,orange,
將,"be about to, general (of an army); will / shall / to use / to take / to checkmate / just a short while ago / (introduces object of main verb, used in the same way as 把)",jiāng,brown,
因為,"conj.: because, for",yīnwèi,cyan,
於,"in, at, to, from, out of, by",yú,purple,
由,"from, via, by, through, owing/due to",yóu,red,
從,"from, since, through",cóng,hot-pink,
更,"more, still/even more, further, furthermore",gèng,pink,
被,by,bèi,green,
才,"then and only then, just now, only (before a number)",cái,tan,
已,already,yǐ,hot-pink,
者,"nominal suffix, one who, -er",zhě,tan,
每,every,měi,pink,
次,"order, sequence, next",cì,tan,
把,"indicating pre-verbal object as thing dealt with by the action, handle",bǎ,green,
三,three,sān,dark-red,
什麼,"what, anything",shénme,cyan,
問題,"problem, mishap, query, job, interface, question, inquiry, matter, enquiry, trouble, issue, worry, subject, topic, hang-up, business, quaere",wèntí,light-blue,
其,"det.: its, his, her, their, it, this, that",qí,grey,
讓,"allow, induce sb. to do sth.",ràng,black,
此,"this, det.: this, here",cǐ,green,
做,"make, do; be, become, be used as",zuò,dark-grey,
再,"again, once more, further(more), in a higher degree, and then, not (do sth.) before",zài,yellow,
所以,"conj.: so, therefore, as a result",suǒyǐ,black,
只,"only, merely",zhǐ,white,
則,"then, in that case",zé,dark-red,
台灣,Taiwan,Táiwān,red,
卻,"however, but, yet, indeed",què,tan,
並,"to be side by side, simultaneously, and; actually, truly",bìng,orange,
位,"location, digit, m.[general], , status, figure, throne, position, place, condition",wèi,grey,
想,"think, suppose, reckon, consider, want to, would like to, feel like (doing sth.)",xiǎng,lime,
去,"to go, to leave, in order to; go, go to; particle: used to denote an action away from the speaker or to denote the direction of the action",qù,lime,
呢,"(sentence-final particle) used in questions to link back to prior discourse or context (""what about...?"", ""and...?"") / (sentence-final particle) indicating that a state or situation still holds / (discourse particle) used to mark a slight pause or emphasis in speech",ne,yellow,
學生,"student, pupil, disciple, follower, tutee",xuéshēng,lime,
表示,(of sb) to express; to state; to show / (of sth) to indicate; to signify; to show / expression; manifestation,biǎoshì,yellow,
到,"arrive at, up until; arrive, reach, go to",dào,white,
公司,"business, enterprise, company, corporation",gōngsī,dark-blue,
如果,if,rúguǒ,grey,
社會,"society, public, community, social",shèhuì,grey,
看,"see, look at, watch, read, look upon, regard, look after, call on, visit; think, consider",kàn,black,
小,"small, little, petty, minor, young",xiǎo,hot-pink,
天,"sky, heaven",tiān,light-grey,
因此,"conj.: therefore, consequently",yīncǐ,dark-grey,
新,"new, fresh, up-to-date",xīn,dark-red,
但是,"conj.: but, however, yet, still",dànshì,dark-blue,
它,it,tā,lime,
中,"center, middle, interior",zhōng,black,
使,"rarefy, piss_off, germinate, drench, blow_out, leave, cut_up, refract, run, dress_up, compose, shed, frizz, put_off, trot, send, strike, send (as envoy), peal, alienate, pull_in, tone_up, bring around, astound, sublease, wither, cripple, bed_down, address, rehearse, usage, warm, smell_out, throw, inflect, get_down, skunk, capsize, congeal, bowl_over, bring_on, unseat, ensure, amalgamate, pro",shǐ,dark-grey,
工作,"work, job",gōngzuò,cyan,
全,"det.: all, Surname, whole, Quan",quán,dark-red,
覺得,"imagine, guess, believe, reckon, suspect, suppose, think, listen, feel, consider, think_of, appear, conceive",juéde,dark-red,
使用,"use, employ, apply",shǐyòng,lime,
這些,det.: these,zhèxiē,blue,
裡,inside,lǐ,tan,
由於,conj.: owing/due/thanks to,yóuyú,lime,
時候,"day, moment, (a point in) time, (duration of) time, time",shíhòu,grey,
知道,"tell, have, ken, understand, infer, wis, learn, cognize, gather, know, be aware of, wise up, savvy, mind, realize",zhīdào,dark-grey,
這樣,"so, such, like this, this way",zhèyàng,pink,
認為,"find, treat, deem, suppose, look_on, repute, discount, esteem, accredit, feel, account, calculate, estimate, take to be, reckon, expect, think, hold, trust, recognise, opine, sound off, adjudge, consideration, consider, regard as, look upon, believe_in, disbelieve, allow, conceive, regard, call, imagine, view, forecast, believe, suspect, rate, animadvert, look on, listen, speak up, figure, c",rènwéi,brown,
時間,"moment, day, clock time, fourth_dimension, relativity, hour, duration, time, when, while, temporal, economy",shíjiān,dark-grey,
事,"responsibility, trouble, event, thing, worry, accident, case, involvement, work, affair, job, concern, business, toast, matter",shì,light-grey,
過,"[aspect]; pass, cross, transfer (e.g., ownership), undergo a process, go through, celebrate, observe",guò,yellow,
向,"to, towards",xiàng,tan,
可能,"probably, maybe",kěnéng,light-grey,
中國,"China, Cathay",Zhōngguó,brown,
美國,"House_of_Representatives, the United States of America, US, U.S.A., bench, Columbia, Yankeeland, U.S., United States, Democrat, Yankeedom, USA, America, United States of America",Měiguó,dark-grey,
幾,"det.: how many, a few, several, some",jǐ,tan,
系統,"lineage, filiation, scheme, pedigree, system, formation, superstructure, programme, organization, succession, tract, system of rules, organisation, program",xìtǒng,blue,
政府,"sirkar, state, country, nation, governmental, body politic, government, administration, civil order, polity, commonwealth, regime, res publica, land",zhèngfǔ,green,
大家,"sundry, great master, rich and influential family, pontiff, all of us, everyone, authority, master, distinguished family",dàjiā,tan,
國家,"sirkar, state, country, patria, a people, nationality, nation, republic, soli, body politic, clime, national, civil order, polity, commonwealth, land, res publica",guójiā,lime,
許多,"lot, scores, lots, sight, pot, heap, quantity, plenty, slews, ton, battalion, many, scads, tidy sum, power, spate, chunk, pile, crowd, vastness, batch, lashings, whole lot, mint, mound, pocketful, large number, trunkful, ream, mickle, great deal, flock, mass, slew, heaps, a lot of, piles, whole slew, mess, raff, slue, gobs, much, lotta, multitude, volume, wad, store, raft, tons, satiety, rafts, doze",xǔduō,grey,
生活,"life, existence, livelihood",shēnghuó,green,
跟,"with, to, from",gēn,light-blue,
已經,already,yǐjīng,grey,
大學,"university, college",dàxué,red,
研究,"study, research; research, study",yánjiù,blue,
因,"conj.: because, as",yīn,dark-grey,
本,det.: this; m.[general],běn,dark-red,
二,"det.: two, second",èr,dark-blue,
活動,"activity, maneuver, behavior",huódòng,lime,
該,"det.: this, that; ought to, should",gāi,light-grey,
世界,"mundane, creation, world, monde, orb, nature, domain",shìjiè,purple,
應,"should, ought to",yīng,cyan,
四,det.: four,sì,green,
希望,"hope, wish",xīwàng,light-blue,
方式,"path, plan, pattern, tenor, system, method, manner, style, way, guise, fashion, wise, means, shape, how, embodiment, agency, gate, mode, sort",fāngshì,light-blue,
內,inside,nèi,red,
項,m.[general],xiàng,cyan,
啊,"particle: used in direct address and exclamation; indicating obviousness/impatience/suggestion; used for confirmation; indicating elation, indicating doubt or questioning, indicating puzzled surprise, indicating agreement/approval",ā,black,
下,"under (condition/fact etc.); below, under, underneath; det.: next, second",xià,grey,
環境,"circumambiency, environmental, circumstances, environment, entourage, surround, atmosphere, setting, surroundings, ambiance, condition, context, circumstance, surrounding, frame, milieu, ambient, consideration, environs, medium, ambience",huánjìng,teal,
一些,"det.: some, a few, a little",yīxiē,teal,
必須,must,bìxū,lime,
文化,"civilization, literacy, acculturation, Kultur, vandalism, cultural, education, schooling, culture",wénhuà,cyan,
高,"tall, high",gāo,pink,
孩子,"kid, issue, chap, daughter, children, sonny, son or daughter, child, spawn, boy, kipper, son",háizi,yellow,
沒有,"not have, there is not, be without",méiyǒu,dark-blue,
不能,"must/may/can not, not be allowed",bùnéng,white,
如,"according to, in accordance with, such as, as if, like, for example",rú,tan,
開始,"begin, start",kāishǐ,dark-red,
元,m.[standard],yuán,orange,
不同,different,bùtóng,dark-red,
仍,"yet, anyway, still",réng,orange,
網路,"WWW, net, network, Internet, meshwork, web, world wide web, mesh, reticulation",wǎnglù,white,
日本,"Nippon, Cipango, Nihon, Japan, japan, Japanese",rìběn,teal,
用,"with; use, employ, apply, eat, drink, spend",yòng,purple,
中心,"center, heart, hub",zhōngxīn,purple,
雖然,"conj.: though, although",suīrán,teal,
重要,"important, significant, major",zhòngyào,hot-pink,
地方,"country, soil, terrain, part, clime, way, territory, room, neighbourhood, tinderbox, locality (as distinct from the central administrat, child, tract, province, position, respect, where, region, space, place, local",dìfāng,black,
進行,"be in progress, go on, carry on/out",jìnxíng,blue,
關係,"relation, bearing, impact, membership credentials, ""backdoor connections""",guānxì,dark-grey,
市場,"bourse, bazar, marketplace, grocery store, agora, bazaar, securities industry, grocery, piazza, plaza, rialto, mart, pitch, market",shìchǎng,orange,
太,"excessively, too, extremely, very",tài,light-grey,
老師,"rabbi, professor, swami, instructor, teacher, mast",lǎoshī,black,
提供,"feed, offer, put_up, afford, proffer, set_up, capitalize, bring_forward, sponsor, extend, ply, provision, sustain, equip, supply, cough_up, bear, render, furnish, cater, billet, provide",tígōng,yellow,
學校,"seminary, schoolhouse, educational institution, school, institution",xuéxiào,hot-pink,
應該,"should, ought to",yīnggāi,tan,
指出,"point, point_out, catch_out, bespeak, indicate, denote, point out (that), note, show, designate, point out",zhǐchū,dark-red,
經濟,"economy, financial condition, income",jīngjì,dark-grey,
其他,"det.: others, the rest, other, else",qítā,brown,
家,"family, household, home, house; m.[general]",jiā,teal,
發展,"develop, expand, grow",fāzhǎn,tan,
教育,education,jiàoyū,purple,
成為,"find, join, comprise, turn to, commemorate, sample, entomb, come_up, commence, get hold, learn, add up, necessitate, run, make up, constitute, make, form, come, amount, represent, fall, presage, change, be, turn, turn into, become, line up, come up, shape, portend, foretell, get",chéngwéi,blue,
多,"many, much, more, more than the correct/required number, excessive, too much, much/far more; more than the correct/required number, much/far more; det.: more than, much more",duō,dark-blue,
非常,"extraordinary, unusual, special, very, extremely, highly",fēicháng,teal,
便,"as early as, soon afterwards, little as, as early, and then, and so, so, as early/little as, as little as, then, in that case",biàn,light-blue,
方面,"side, aspect, sector, part, light, facet, behalf, way, respect, direction, bearing, field, phase, sphere, angle, hand",fāngmiàn,brown,
很多,det.:,hěnduō,brown,
吃,"feed, have, be subject to, absorb, chow, live on, eat, have one's meals, be a strain, exhaust, fare, take in, live off, annihilate, wipe out, partake, suffer, ingest, consume, graze, lunch, manducate, incur, take, get, use up, make, taste, soak up",chī,green,
然後,"therewith, and so, and_then, and then, thereupon, after that, so, then, with that",ránhòu,light-blue,
未,"or not (at end of sentence), have not yet, or not, not",wèi,yellow,
發現,"find, discover",fāxiàn,brown,
電腦,"electronic computer, computery, data processor, information processing system, computer",diànnǎo,yellow,
一樣,"same, equal, similar",yīyàng,white,
而且,"conj.: furthermore, and",érqiě,orange,
心,"heart, mind, feeling, center, core",xīn,black,
不過,"conj.: but, however, only",búguò,dark-red,
無法,"nohow, unable to, unable, cannot",wúfǎ,brown,
企業,"proposition, business enterprise, business organization, business concern, concern, commercial enterprise, endeavour, endeavor, industry, business, project, corporation, enterprise",qǐyè,light-grey,
正,"precisely, punctually",zhèng,black,
服務,"be in the service of, serve",fúwù,pink,
較,"rather, quite, relatively, more",jiào,teal,
不會,won't,búhuì,hot-pink,
臺灣,Taiwan,táiwān,dark-blue,
曾,"once, ever, before",céng,light-grey,
嗎,particle: calling for agreement or disagreement,mā,yellow,
空間,"elbow room, allowance, margin, roomage, open air/sky/space, road, leeway, way, open air, sheets, room, tolerance, opening, clear, sky, spacial, interspace, vacuity, spatial, dimension, open sky/space, space, place, vacuum",kōngjiān,pink,
看到,"view, receive, ken, observe, lamp, catch, see, take in, watch, chatter away, lay_eyes_on, boast, brag, shoot the breeze, spy, catch sight of, catch sight of",kàndào,grey,
五,det.: five,wǔ,green,
如何,how,rúhé,orange,
國內,"interior (of country), interior, home, intestine, internal, domestic",guónèi,light-blue,
無,"not have, there is not",wú,dark-grey,
對於,"(in regard) to, toward, at, for",duìyú,dark-red,
以及,"conj.: as well as, along with, and",yǐjí,hot-pink,
之後,"later, behind, at the back of, after",zhīhòu,dark-blue,
可是,"conj.: but, yet, however",kěshì,pink,
當,"when, while; assume office of, take charge of",dāng,dark-red,
人員,"strength, personnel, force, staff",rényuán,lime,
比,"compared with; compare, contrast, emulate, draw analogy",bǐ,orange,
先,"earlier, in advance, before",xiān,brown,
產品,"baby, brand, output, product, produce, end product, merchandise, fruitage, growth, manufacture, wares, production",chǎnpǐn,brown,
資訊,"stuff, message, information, news, info",zīxùn,light-blue,
資料,"food, source, info, means, data, information, material, datum, data point, matter",zīliào,grey,
比較,"relatively, fairly",bǐjiào,grey,
先生,"doctor of Chinese medicine, Don, mulla, Ms., sir., teacher, gentleman, gospodin, Signor, signor, fortune-teller, babu, baboo, Herr, Mister, bey, mister, bwana, husband, siree, buckra, sirrah, senor, guv, sahib, Mr., rabbi, don, signore, Dan, sir, m'sieur, effendi, Tuan, baas, Monsieur, lording, monsieur, doctor, Mr, milord, Mynheer, signior, esquire, bookkeeper, Senor, rabboni, Senhor, sieur, sen",xiānshēng,green,
地,"the earth, land, soil, fields, ground, place, position, background, distance",dì,green,
除了,"except, besides",chúle,lime,
大陸,Ch. mainland,dàlù,purple,
需要,"need, want, require, demand",xūyào,dark-red,
像,"be like; be like, resemble",xiàng,dark-blue,
給,"give, give to; for, for the benefit of, by (in passive cons.)",gěi,purple,
歲,"year (for crops), m.[standard], , year of age, year (of age), year, annum, year for crops",suì,red,
請,"request, ask (a favor), engage, hire (teacher/etc.), Please...",qǐng,white,
月,moon,yuè,dark-red,
些,m.[proximation],xiē,lime,
名,m.[general],míng,orange,
另,det.: another,lìng,teal,
若,"conj.: if, as if",ruò,cyan,
亦,"also, too",yì,yellow,
地區,"section, country, area, latitude, zone, terrain, parts, locality, sector, province, prefecture, region, district, faubourg",dìqū,lime,
技術,"mechanics, know-how, prowess, science, Minerva, superior skill, art, competence, technology, craft, craftsmanship, skill, education, technique, artistry, engineering, technological, equipment, technical",jìshù,pink,
至,"to, until, till; conj.:",zhì,tan,
特別,"unusual, specially",tèbié,yellow,
其實,"as a matter of fact, actually, in fact",qíshí,yellow,
國際,international,guójì,orange,
不要,"never, noway, don't want, don't (do sth.)",búyào,green,
發生,"happen, occur, take place",fāshēng,white,
參加,"join, attend, take part in, give (advice/etc.)",cānjiā,black,
一定,must,yīdìng,red,
其中,"among, of them, in it, among them, which, them, det.: it, in, in which",qízhōng,light-blue,
問,"ask, examine, question, interrogate",wèn,cyan,
台北,"capital of Nationalist China, capital of Republic of China on Taiwan, Taipei",táiběi,black,
包括,"consist_of, consist of, subtend, embrace, comprise, incorporate, embody, involve, count, subsume, take_in, comprehend, incorporation, include, comprize, run, cover, package, consist in",bāokuò,green,
講,"discourse, utter, talk, negotiation, make clear, negotiate, parley, pay attention to, speak, syllable, discuss, explain, tell, be particular about, explanation, interpretation, interpret, relate, discussion, stress, mouth, say, remark, verbalize",jiǎng,cyan,
造成,"make_for, give rise to, create, set_up, strike, creation, cause, contribute, bring_about, procure, give, bring about, cut_out, necessitate, shape, present, bring_forth, generate, yield, make, breed",zàochéng,tan,
常,"often, usually, frequently",cháng,green,
即,"at present, in the immediate future, then, promptly, at once",jí,teal,
喜歡,"like, love, be fond of, be happy/elated",xǐhuān,dark-red,
沒,"not; not have, there is not, be without",méi,light-grey,
出現,"appear, arise, emerge",chūxiàn,light-grey,
政治,"paternalism, trouble, government, policy, political relation, political science, polity, politics, political affairs, political",zhèngzhì,tan,
話,"words, thing, language, tongue, talk, speech, spoken_language, conversation, utterance, expression, story, tale, saying, natural language, sayings, word",huà,dark-blue,
走,"scram, travel, foot, go away, evaporate, ankle, waltz, step, bugger off, etc., go through, leave, leak, run, buzz off, leg, pad, fork, visit, go, escape, lose flavor, work, call on, strike, sashay, trace, pursue, gang, lose shape/etc., get_along, come_along, walk, hoof it, lose flavor/shape/etc., leg it, let out, shape, drive, cover, take, get, hoof, move",zǒu,teal,
單位,"department, unit, denomination, module, building block, unit of measurement, monad, unit (in measurement or organization)",dānwèi,tan,
一直,"e'er, away, continuously, all the way, right, forever, all_along, always, the whole way, all along, straight, slap, through, ever, evermore",yīzhí,dark-blue,
吧,particle: used to show mild imperative or uncertainty,ba,dark-blue,
是否,"whether or not, is it so or not",shìfǒu,cyan,
當然,"certainly, of course",dāngrán,dark-red,
整,det.: exact,zhěng,blue,
處理,"handle, deal with, dispose of, process",chǔlǐ,hot-pink,
歷史,"past records, historical, history",lìshǐ,orange,
了解,"understand, comprehend, find out, acquaint oneself with",liǎojiě,light-blue,
怎麼,how,zěnme,grey,
機會,"scouth, occasion, good luck, hap, liberty, fortune, opportunity, chance, joss, hazard, happy chance, probability, luck, scope, room, break, turn, opening",jīhuì,black,
聽,"hear, list, hearken, obey, obedience, listen, heed, administer, let, allow, hark",tīng,black,
所有,det.: all,suǒyǒu,black,
只要,"conj.: so long as, provided",zhǐyào,hot-pink,
朋友,"amigo, connections, kith, friend, boy, crony, ami, boy/girl friend, companion, mate, boy friend or girl friend, compadre, boy friend, Mac, paisano, matey, old_boy, sport, folks, pard, hearty, Kamerad, cocker, cobber, girl friend, pardner, company",péngyou,light-blue,
令,"make, cause",lìng,orange,
甚至,"even (to the point of), so much so that",shènzhì,brown,
真,"really, truly, indeed, clearly",zhēn,yellow,
六,det.: six,liù,purple,
呀,"particle: replacing 啊 when preceding word ends in a, e, i, o, or (y)u; used in direct address and exclamation; indicating obviousness/impatience/suggestion; used for confirmation",ya,green,
情況,"event, things, state of affairs, circumstantiality, case, circumstances, way, plight, experimental condition, streak, military situation, matter, condition, mood, circumstance, context, occasion, thing, instance, affair, shape, situation, juncture, consideration",qíngkuàng,black,
還是,"still, nevertheless",háishì,lime,
錢,"copper coin, cash, money, fund, sum",qián,black,
方法,"know-how, plan, attack, system, stepping-stone, manner, method, gateway, idea, measure, way, guise, key, wise, quomodo, plan of attack, tack, machinery, process, avenue, modus, how, means, channel, gate, approach, agency, gamesmanship, mode, medium, sort",fāngfǎ,cyan,
點,m.[proximation],diǎn,red,
任何,"aught, det.: any",rènhé,grey,
經驗,experience,jīngyàn,orange,
藝術,"beaux-arts, aesthetical, artistic production, artistic, ars, art, academy, aesthetic, artistic creation, skill, craft, artistry, esthetic",yìshù,tan,
你們,"you, you (plural), you-all",nǐmen,light-blue,
十,det.: ten,shí,red,
主要,"main, chief, principal, major",zhǔyào,light-grey,
媽媽,"mummy, mammy, ma, mother, mamma, mum, mommy, female parent, mom, Mama, mater, mama, momma",māmā,light-grey,
增加,"increase, raise, add",zēngjiā,green,
提出,"put forward, pose, raise",tíchū,white,
為什麼,"why, why?, how come, why is it that?, whereat, whereto",wèishénme,dark-red,
您,you,nín,cyan,
計畫,"plan, project, program",jìhuà,yellow,
作,"do, make, rise, write, compose, pretend, affect, feign",zuò,orange,
利用,"use, utilize, take advantage of, exploit",lìyòng,yellow,
東西,"thing, creature",dōngxī,white,
條,"bar, item, short note, a long narrow piece, streak, clause, stripe, sth. long and narrow, filet, m.[general], , article, strip, assize, twig, ingot, slip",tiáo,purple,
設計,"design, plan; plan, design",shèjì,yellow,
找,"look for, seek, call on, approach",zhǎo,dark-grey,
之間,"among, between",zhījiān,brown,
成長,"grow up, mature",chéngzhǎng,red,
能夠,"can, able, would, may",nénggòu,grey,
決定,"decide, resolve, make up one's mind, determine",juédìng,pink,
學習,"study, learn, emulate",xuéxí,pink,
誰,"who, someone, anyone",shéi,dark-blue,
見,"see, be exposed to, become visible, call on, refer to, meet with, appear to be, appear, vide, catch sight of, meet",jiàn,dark-blue,
半,det.: half,bàn,light-blue,
時代,"day, period, a period in one's life, epoch, present time, historical period, time, chapter, period in one's life, modern times, historic period, contemporary world, times, era, modern world, age",shídài,dark-grey,
完成,"fill in, finish out, fulfil, practice, complete, finish, encompass, clear_up, top_off, cleave, top off, accomplishment, make out, effect, perfective, fulfill, go through, exercise, discharge, fill out, completion, end, run, bring ... to fruition, round_out, achieve, execute, round out, make, cap off, accomplish, practise, follow through, come, finalize, fulfilment, dispatch, bring ...",wánchéng,cyan,
帶,"look after, raise",dài,yellow,
相當,"quite, fairly, considerably",xiāngdāng,green,
同學,"class fellow, fellow student, condisciple, classmate, schoolmate, schoolfellow, form of address used in speaking to a student",tóngxué,dark-grey,
件,"correspondence, paper, document, bit, m.[general], , single item, letter, piece",jiàn,hot-pink,
能力,"department, potency, ability, acquisition, acquirement, capacity, performance, oomph, sufficiency, energy, competence, accomplishment, size, might, faculty, hand, coequal, efficiency, inner resources, capability, giftie, attainment, capableness, zip, skill, competency, power",nénglì,orange,
別人,"others, other people, another person",biérén,light-blue,
生命,"breath, god, head, anima, days, organism, blood, life, living thing, skin, longevity, being, vital, life form",shēngmìng,light-grey,
場,m.[event],cháng,lime,
會議,"synod, moot, conference, board, convocation, soviet, congress, talks, indaba, negotiation, junta, group discussion, convention, meeting place, session, council, rendezvous, colloquy, coming together, powwow, seance, meeting, forum, consultation, roll-up, get-together, assembly",huìyì,yellow,
容易,easy,róngyì,light-blue,
開發,"develop, open up, exploit",kāifā,teal,
民眾,"civil, crowd, masses, populace, rank_and_file, the masses, the masses of the people, the populace, demos, mob, multitude, plebs, commons, the common people, the people, million, public",mínzhòng,grey,
事情,"proposition, pie, shebang, thing, affair, occasions, undertaking, concern, question, business, schmear, matter",shìqíng,dark-grey,
書,"volume, document, style of calligraphy, book, script, letter",shū,grey,
事實,"mood, circumstance, fact, factual, reality, verity, case, deed, sooth, troth, actuality, truth, matter, matter of fact",shìshí,teal,
有關,be related,yǒuguān,green,
自,"from, since",zì,light-blue,
組織,"tissue, nerve, weave, organization, organized system",zǔzhī,dark-blue,
言,"say, talk, speak",yán,light-grey,
愛,"love, like, be fond of, be keen on, cherish, be apt to",ài,black,
建立,"establish, set up, found",jiànlì,grey,
相關,"cognate, relational, interrelate, associated, be interrelated, relevant, related, be mutually related",xiāngguān,light-blue,
均,"without exception, all",jūn,light-grey,
產生,"come into being, produce, engender, emerge",chǎnshēng,grey,
業者,"dealer, interest",yèzhě,white,
解決,"solve, resolve, settle, dispose of, finish off",jiějué,light-blue,
完全,"completely, fully, wholly, absolutely",wánquán,brown,
的話,conj.: if,dehuà,red,
接受,"receive (honors, have, receive, acknowledge, sweep up, espouse, etc.), come to grips, adopt, embrace, greet, welcome, hook on, seize on, take up, accede, taken, entertain, latch on, buy, fasten on, swallow, imbibe, accept, receive (honors/etc.), undergo, get to grips, take, adapt, acceptance, thole",jiēshòu,green,
知,"tell, notify, inform, be expert in, know, sense, be aware of, administration, notification, administer, be in charge of, realize",zhī,hot-pink,
約,"about, around",yuē,white,
一般,"general, ordinary, common",yībān,light-blue,
推動,"push forward, promote",tuīdòng,grey,
過程,"unconscious process, mechanism, process, act, round, course",guòchéng,pink,
管理,"manage, supervise, take care of",guǎnlǐ,tan,
功能,"functional, niche, function, competence, capacity, anatomy",gōngnéng,dark-grey,
手,hand,shǒu,pink,
打,"generalized verb of doing with specific meaning determined by its object, strike, hit, fight, construct, forge, mix",dǎ,dark-red,
水,"water, H2O, liquid, bubble, a general term for rivers, lakes, seas, etc., Shiu, waters, aqueous, Aquarius, river, Surname, blister, drink, eau, aqua",shuǐ,purple,
要求,"request, demand",yāoqiú,dark-blue,
小朋友,"child (adult address to child), little boy, children, little boy/girl, girl, little girl, little boy or girl, child",xiǎopéngyǒu,pink,
教授,professor,jiàoshòu,lime,
難,"make difficulties, take to task, put ... into a difficult position, disagreeable, make difficult, unpleasant, hard, difficult, troublesome, blame",nán,cyan,
我國,our country,wǒguó,hot-pink,
告訴,"tell, preach, notify, impart, inform, represent, apprize, send word, share, advise, give notice, apprise, assure, let know",gàosù,pink,
內容,"subject_matter, content, cognitive content, internal, contents, mental object, meat, substance, matter, lining",nèiróng,brown,
結果,"result, outcome, consequence; finally",jiéguǒ,blue,
調查,"investigate, look into, survey",diàochá,blue,
家庭,"hearthstone, background, fireside, establishment, household, hearth, domestic, hearthside, menage, home, family unit, family, house",jiātíng,brown,
成立,"found, establish, be tenable, hold water",chénglì,dark-blue,
選擇,"select, opt",xuǎnzé,teal,
經營,"manage, run, engage in",jīngyíng,lime,
然而,"conj.: even so, but",ránér,hot-pink,
父母,"parental, parents, father and mother, folks",fùmǔ,red,
寫,"description, bewrite, direct, describe, pencil, draw, paint, inscribe, write, depiction, write_out, throw_off, depict, address, author, screeve, word, compose",xiě,lime,
人類,"man, wight, human_being, human, human race, mankind, individual, human species, Homo_sapiens, populace, creature, hominid, world, mortality, microcosm, humans, humanitarianism, humanity, humanness, human beings/species, people, species, humankind, human beings, public, mortal",rénlèi,tan,
至於,as for/to,zhìyū,pink,
買,"pick up, invest, hire, buy, purchase, put_down, trade, get",mǎi,pink,
尤其,especially,yóuqí,dark-blue,
配合,"coordinate, cooperate",pèihé,dark-grey,
進入,"go_into, get_in, debouch, get in, go into, move into, come_into, pass, step_in, lapse, get_into, set in, go in, get into, kick in, penetrate, intromission, pierce, come_in, come in, enter, entry, sink, impenetrate",jìnrù,green,
例如,"for instance/example, e.g., such as",lìrú,grey,
得,"should be, need; get",děi,hot-pink,
討論,"to discuss, to take something up with someone, to talk about",tǎolùn,blue,
依,"according to, judging by",yī,cyan,
作品,"writing, musical composition, whole kit and caboodle, works (of literature, artwork, kit and caboodle, product, whole works, creation, full treatment, kit and boodle, whole kit and boodle, works (of literature/art), composition, thing, piece of music, workpiece, output, art), written material, opus, whole shebang, whole caboodle, production, whole kit, piece, workmanship, wo",zuòpǐn,brown,
情形,"circumstance, trimness, event, trim, instance, state of affairs, case, circumstances, status, situation, condition",qíngxíng,lime,
資源,"resource, natural resources, mine, resources",zīyuán,black,
原因,"origin, causation, reason, wherefore, causal, breeder, spore, cause, causal agent, whence, causal agency, occasion, root, subject, causality, why, starter",yuányīn,orange,
啦,particle: used when informing sb. of st.; indicating excitement/doubt/comfort/etc.,lā,red,
妳,you(female),nǐ,dark-blue,
運動,"sports, athletics, exercise, movement, campaign",yùndòng,dark-grey,
觀念,"conception, intension, theory, philosophy, idolum, connotation, idea, sense, presentation, notion, concept, construct, intellection, presentment, thought, notional, conceit",guānniàn,tan,
軟體,software,ruǎntǐ,teal,
品質,"calibre, appraisal, caliber, character, self, intrinsic, brew, quality, timber, sort",pǐnzhí,orange,
經過,"pass, go through, undergo",jīngguò,purple,
如此,"thus, like this, such",rúcǐ,dark-red,
嗯,"O.K., How come, Huh, What, Why, Agreed!, well, um",ēn,orange,
精神,"god, guts, heart, pneuma, consciousness, vigor, life, energy, vim, courage, esprit, moral, get-up-and-go, ginger, vitality, Psyche, psyche, spunk, gumption, juice, sand, mind, mental, mens, mickey, mettle, nature, grit, oomph, genius, vigour, substance, psychic, backbone, nous, nerve, pazazz, essence, pep, spirit, inward, drive, push, soul, gist",jīngshén,tan,
影響,"influence; influence, affect, effect",yǐngxiǎng,blue,
之,"it, him, her, this",zhī,dark-red,
好像,"seem, be like",hǎoxiàng,hot-pink,
成,"become, turn into",chéng,hot-pink,
參與,participate in,cānyū,light-blue,
以後,"afterwards, later, future, in the future, hereafter",yǐhòu,cyan,
於是,"conj.: thereupon, hence, consequently, as a result",yūshì,light-grey,
部分,"partial, department, section, partialness, slice, pars, part, det.: part, percent, partage, sphere, component, divvy, segment, portion, fraction, sector, chapter, share, percentage, piece, division, sectional, parcel",bùfèn,lime,
另外,"conj.: in addition, besides, moreover",lìngwài,tan,
公園,"common, green, garden, commons, park",gōngyuán,dark-red,
透過,via,tòuguò,dark-red,
訓練,training,xùnliàn,yellow,
努力,"make great effort, try hard",nǔlì,green,
具有,"be provided with, have, have got, possess, hold, possession, carry, inhere, bear",jùyǒu,light-blue,
共同,"common, joint",gòngtóng,cyan,
所謂,so-called,suǒwèi,black,
行為,"fact, demeanor, form, deportment, dealing, behavior, doings, course, act, point, goings-on, demeanour, procedure, lapse, going, bearing, turn, behaviour, activity, ongoing, thing, human action, conduct, commitment, human activity, behavioral, agency, deed, comportment, action",xíngwéi,light-blue,
合作,"cooperate, collaborate, work together",hézuò,green,
經,"as a result of, through, after",jīng,white,
目標,"polestar, objective, goal, bourn, object, meaning, aim, end point, target, cause, landmark, butt, lodestar, bull's eye, mark, tee, cynosure, end, bell ringer, loadstar, quaesitum, destination",mùbiāo,hot-pink,
起來,[aspect],qǐlái,black,
考慮,"think over, consider",kǎolǜ,blue,
長,"long, be strong/good (in/at)",cháng,dark-blue,
意見,"latitude, point_of_view, estimation, sight, conceit, verdict, hypothesis, attitude, estimate, possibility, judgement, appraisal, ground, slant, differing opinion, ruling, complaint, thinking, suggestion, comment, advisement, mind, apprehension, say, vote, impression, deliverance, view, understanding, feeling, idea, notion, sentiment, judgment, advice, current, opinion, advert, theory, v",yìjiàn,dark-blue,
辦法,"road, expedient, policy, agency, measure, way, method, means",bànfǎ,teal,
音樂,music,yīnyuè,dark-grey,
連,conj.: including,lián,purple,
受,"passive signifier; receive, accept, endure, suffer, be subjected to",shòu,tan,
廠商,"factory owner, factories and stores, firm, maker, business organization, business concern, manufacturing business, concern, manufacturer, business",chǎngshāng,tan,
隻,m.[general],zhī,dark-blue,
受到,"experience, receive, come in for, suffer, undergo, come_in_for, be given, come_to, be subjected to",shòudào,teal,
一切,"det.: everything, every",yīqiè,blue,
或是,"conj.: or, perhaps",huòshì,white,
中央,central authorities (of state/party/etc.),zhōngyāng,tan,
某,"det.: some, certain",mǒu,cyan,
女性,"lady, female sex, womankind, feminie, female, sex, petticoat, femininity, female person, woman, she, patroness, womanhood, fair, feminine",nǔxìng,green,
教學,teach and study,jiāoxué,lime,
極,"extraordinary, unusual, special, very, extremely, highly",jí,green,
獲得,"find, cop, acquirement, come_into, gain, draw, pick_up, pull, achievement, score, procure, come_by, get hold, purchase, nab, come upon, derive, latch, incur, achieve, make, bring, receive, arrive, come_out, pocket, obtain, luck into, sack, win, enter upon, pick up, garner, harvest, attain, come up, line up, extract, secure, possess, earn, reap, accrue, cover, take, acquire, get, arrive_at",huòdé,cyan,
真的,"really, truly, indeed",zhēnde,grey,
路,"road, path, way, journey, distance, means, sequence, logic, line, region, district, route, sort, grade, class",lù,dark-grey,
快,"fast, quick, quick-witted, ingenious, sharp (of knives), straightforward",kuài,light-blue,
國小,"primary/elementary school, primary school",guóxiǎo,red,
部份,"composition, segment, section, side, portion, slice, proportion, part, det.: part, share, component, division, phase, place, piece",bùfèn,teal,
工程,"process, construction, engineering, engineering project, project",gōngchéng,lime,
女人,"jade, crumpet, female, female person, Gill, bitch, chick, fair, squaw, womenfolk, adult female, doll, momma, wench, skirt, womankind, girl, jill, wife, broad, petticoat, sister, woman, bimbo, bird, jane, she, hen, hairpin, dame, women",nǔrén,lime,
舉行,hold (meeting/etc.),jǔxíng,red,
句,"sentence, m.[general],",jù,red,
只是,"merely, only, just, simply be",zhǐshì,grey,
段,m.[general],duàn,teal,
根據,"on the basis of, according to",gēnjù,red,
現象,"phenomenon, phenomenal, appearance",xiànxiàng,green,
人民,"multitude, citizen, quarter, Volk, hoi polloi, subject, people, nationals, masses, the people, mass, demotic",rénmín,red,
土地,"country, acre, terra, soil, premise, realm, territory, dirt, local god of the land, farming, earth, ground, kingdom, holding, agrarian, solid ground, benefice, esplees, tract, village god, glebe, terra firma, land, dry land",tǔdì,white,
面對,"face up, stand up, face, look_out_on, confront, front, affront, envisage, accost, breast",miànduì,dark-grey,
注意,"pay attention to, take note of",zhùyì,pink,
這裡,"this place, there, here",zhèlǐ,yellow,
新聞,"unco, leak, intelligence, newsworthiness, witting, journalistic, information, journalism, courant, news",xīnwén,light-blue,
繼續,"go, resume, keep_on, abide, come on, persist in, extend, run_on, run on, carry_on, stretch, sustain, pursue, keep going, continuance, get_along, get_on, remain, continue, keep_up, go ahead, keep up, come up, continuation, hold, carry, run, go_on, maintain, go on, bide, plow ahead, hold_on, piece, restart",jìxù,pink,
相信,"deem, believe, credit, esteem, accredit, feel, trow, count, have faith in, guess, lippen, buy, be convinced of, hold, think, trust, accept, know, hone, believe_in, favour, believe in, hope",xiāngxìn,hot-pink,
政策,"statism, tack, line, policy, statecraft",zhèngcè,brown,
變成,"grow_into, change into, go, form, grow into, change state, develop into, turn to, fall, turn_into, be, turn, become, turn into, grow, run, get",biànchéng,cyan,
計劃,"plan, project, program",jìhuà,cyan,
強調,"underscore, spotlight, place emphasis on, point_up, highlight, point, point up, enforce, emphasise, urge, underline, overstress, give emphasis to, play up, keynote, insist, punctuate, accent, betone, foreground, emphasize, emphatic, stress, set off, overemphasize, accentuate, bring out",qiángdiào,dark-blue,
學,"study, learn, imitate, mimic",xué,dark-red,
人士,"public figure, personage",rénshì,blue,
前,"front; det.: former, preceding",qián,pink,
存在,"exist, be",cúnzài,orange,
制度,"ism, organization, dispensation, regimen, machine, regulations, form, system, regime, organisation, economy, institutional, institution",zhìdù,teal,
意義,"importance, significance, denotation, purport, drift, signality, emptiness, meaning, construction, bearing, substance, import, effect, insignificancy, hang, signification, sense",yìyì,green,
代表,"representative, delegate",dàibiǎo,dark-red,
課程,"course of instruction, lesson, course, course of lectures, course of study, curricular, class, curricula, syllabus, curriculum, program",kèchéng,brown,
需求,"need, requisition, demand, want, desiderative, requirement, call",xūqiú,yellow,
人生,"lifetime, life, lifespan, human life, time of life",rénshēng,dark-blue,
那些,det.: those,nǎxiē,brown,
成功,succeed,chénggōng,dark-red,
爸爸,"old man, father, papa, pappa, daddy, pa, begetter, pop, dada, dad, male parent, pater, pappy, pops, poppa",bàbà,teal,
產業,"estate, manufacture, industry, domain, manufacturing, property",chǎnyè,pink,
負責,"preside, be responsible for, see, entail, sponsor, be in charge of, blame, answer, undertake, liable, respond",fùzé,grey,
民間,"grass roots, people-to-people, nongovernmental, among the people, folk, popular",mínjiān,lime,
雖,"conj.: though, although, even if",suī,green,
直接,"direct, immediate",zhíjiē,light-blue,
幾乎,"chiefly, anear, about, near, just_about, most, well-nigh, almost, closely, practically, intimately, all but, nearly, just about, virtually, much, nigh",jīhū,red,
分,"m.[general]; separate, distinguish, differentiate, discriminate",fèn,lime,
實際,"practical, literal",shíjì,orange,
團體,"fraternity, sect, phalanx, collective, body, group, sodality, element, organisation, corporation, confession, college, establishment, brotherhood, community, organization, squad, union, administration, society, army, commonwealth, consort, company, lineup, combine, governance, clan, combination, fellowship, organizational, bloc, team, party, connection, family, brass, squadron",tuántǐ,white,
價值,"value, worth",jiàzhí,hot-pink,
使得,"render, wreck, compel, cause, make",shǐde,dark-blue,
類,m.[kind],lèi,green,
形成,"take shape, form",xíngchéng,dark-grey,
科技,"technology, tech, engineering science, applied science, science and technology, technological, engineering",kējì,dark-red,
這麼,"so, such, this way, like this",zhème,dark-red,
七,det.: seven,qī,green,
不但,conj.: not only,búdàn,yellow,
往,go toward,wǎng,black,
本身,"per se, self, oneself, identity, itself",běnshēn,blue,
標準,"standard, criterion",biāozhǔn,green,
似乎,"it seems, quasi, apparently, seemingly, as if",sìhū,light-grey,
應用,"application, use",yìngyòng,black,
或者,"conj.: or, either...or...",huòzhě,black,
動物,"thing, critter, crittur, zoic, anthropomorphism, animal, deer, animate being, beast, creature, burrow, sire, worker, fauna, brute",dòngwù,cyan,
電話,"blower, phone call, headphone, earpiece, telephone, telephone_call, buzz, earphone, horn, telephone set, phone_call, telephony, phone",diànhuà,tan,
態度,"stance, treatment, demeanor, dealing, deportment, pose, behavior, manner, demeanour, way, bearing, attitude, air, behaviour, front, mien, conduct, mental attitude, approach, posture, address, position, bedside_manner, movement, gesture, comportment, presence, sort",tàidù,cyan,
建設,construction,jiànshè,purple,
事業,"proposition, task, pidgin, institution, undertaking, deed, facilities, life history, endeavour, endeavor, cause, career, project, action, enterprise",shìyè,dark-red,
老,"old, aged;of long standing, outdated, tough, overgrown, dark (of colors)",lǎo,brown,
那麼,"so; like that, in that way",nàmo,lime,
常常,"oftentimes, ofttimes, commonly, ordinarily, oft, often, a great deal, normally, frequently, unremarkably, much, usually",chángcháng,light-blue,
字,"graphic symbol, writing, pronunciation (of a word), form of a written character, receipt, printing type, script, name taken at the age of 20, courtesy name, wordage, character, grapheme, contract, scripts, symbolic representation, style of handwriting, word",zì,lime,
坐,"sit, take seat",zuò,grey,
舉辦,"conduct, hold, run",jǔbàn,cyan,
自我,"self, oneself",zìwǒ,hot-pink,
有的,det : some,yǒude,teal,
具,"possess, have, provide, furnish",jù,hot-pink,
目的,"view, pretence, objective, goal, purport, intention, bourn, object, motive, motivation, meaning, aim, end point, hent, target, scope, sense of purpose, errand, purposefulness, sake, function, end, purpose, quaesitum, intent",mùdì,lime,
塊,m.[general],kuài,blue,
條件,"mood, formula, conditional, precondition, prerequisite, requisition, factor, qualification, requirement, stipulation, proviso, circumstances, provision, term, reservation, if, condition",tiáojiàn,brown,
即使,"conj.: even, even if/though",jíshǐ,dark-blue,
十分,"very, fully, utterly, extremely",shífēn,purple,
多少,"det.: how many, how much, many",duōshǎo,yellow,
放,"loose, bloom, make longer, set ... free, let sb. have his own way, show, readjust, free, make larger, put in, fly, etc., release, discharge, leave alone, bung, lay aside, put, expansion, make longer/larger/etc., fling, localize, lend (money) at interest, let go, set, pasture, pose, set free, blossom, lay, let off, put out to pasture, send away, play, expand, make larger/etc., readjus",fàng,tan,
電影,"cinematography, moving_picture, pix, kinema, picture, film, movie, moving picture, flick, cinema, motion_picture, cinematic, celluloid, picture show, motion picture, flicker",diànyǐng,tan,
科學,"ology, scientific, science, scientific knowledge",kēxué,light-blue,
執行,"carry out, execute",zhíxíng,white,
邊,"border, boundary",biān,black,
委員會,"board, soviet, commission, committee, court, citizens committee, mission, delegacy, deputation, delegation, council",wěiyuánhuì,brown,
溝通,"communicate, link up",gōutōng,dark-grey,
開,"open, open up, reclaim (land), open out, come loose, start, begin, operate, turn on (light), run (business), hold (meeting/etc.), divide into, reveal",kāi,red,
一起,"in_chorus, together, in all, in the same place, holus-bolus, altogether, in company",yīqǐ,dark-grey,
張,m.[general],zhāng,pink,
針對,"in the light of, in connection with",zhēnduì,grey,
員工,"employee, personnel, reason, force, staff, cause",yuángōng,purple,
引起,"elicit, beget, causation, give rise to, incite, pique, engender, bring_on, trigger, fire, compel, kick_up, superindividual, draw, spawn, invite, touch_off, occasion, lead, bring_about, procure, touch off, raise, enkindle, give, poke, produce, capture, generate, stir, arouse, excite, put forward, provoke, breed, bring, conjure up, grip, create, kindle, tempt, set_up, interest, give rise, enga",yǐnqǐ,pink,
自然,"natural world; naturally, of course, in ordinary course of events",zìrán,pink,
安全,"safe, secure",ānquán,pink,
總統,president (of a republic),zǒngtǒng,hot-pink,
此外,"conj.: besides, in addition, moreover",cǐwài,orange,
擁有,"occupy, have, receive, aught, hold back, keep, keep back, owe, retain, own, possess, possession, hold, seize, take, acquire, corral, hold on",yǒngyǒu,brown,
並且,"conj.: and, besides, moreover",bìngqiě,blue,
事件,"fact, event, page, incidental, go, case, job, natural event, timing, proceedings, social occasion, happening, occurrence, matter, occasion, incident, shebang, affair, chapter, concernment",shìjiàn,dark-blue,
研究所,"graduate_school, research institute, school, laboratory, graduate school, institute",yánjiùsuǒ,black,
語言,"linguistic communication, lingual, language, idiom, tongue, oral communication, speech, perspicuity, lingo, contumely, Fortran, parole, natural language, spoken language, linguistic process",yǔyán,teal,
嚴重,"serious, significant, acute, critical, severe, grave",yánzhòng,dark-red,
故事,"spiel, recital, relation, scam, rede, plot, yarn, narration, story, fiction, tale, history, legend, narrative",gùshì,dark-blue,
學術,"ology, academic, systematic learning, science, learning",xuéshù,purple,
片,m.[general],piàn,green,
設備,"installation, set, device, appointment, plant, fixing, system, appliance, fixture, fitting, accommodation, fitment, finishing, unit, furnishings, materiel, contrivance, paraphernalia, facilities, rig, equipage, setout, facility, fixings, equipment",shèbèi,cyan,
之外,"beyond, apart from, excluding",zhīwài,blue,
車,vehicle,chē,cyan,
基本,"fundamental, essential, main",jīběn,teal,
實在,"indeed, really, honestly, in fact, as a matter of fact",shízài,teal,
久,"for long time, of specified duration",jiǔ,dark-blue,
套,m.[general],tào,dark-red,
達到,"extend to, find, fulfil, compass, encompass, extend, gain, answer, achievement, succeed, fulfill, live_up_to, attainment, strain, bring_up, achieve, get to, touch, strive, make, accomplish, progress to, come, hit, come_out, obtain, reach, attain, clock_up, suffice, do, get, arrive_at",dádào,pink,
改善,"improve, perfect",gǎishàn,light-blue,
死,die,sǐ,cyan,
結構,"constitution, configuration, framing, structural, design, underframe, framework, construction, structure, schematism, economy, fabric, mechanics, composition, machinery, contexture, texture, constellation, fable, ordonnance, skeleton, organization, frame, architecture, chemistry, make",jiégòu,red,
住,"inhabit, cease, stay, visit, shack, dwell, stop, people, live, reside, populate, dig",zhù,orange,
皆,"all, everyone",jiē,tan,
改變,"change, transform",gǎibiàn,purple,
拿,"take, hold, seize, capture",ná,yellow,
小組,"squad, section, unit, group",xiǎozǔ,pink,
支持,"sustain, hold out, bear;support, back, stand by",zhīchí,blue,
座,"fare, stand, base, constellation, footstall, pedestal, m.[general], , customer, Aquarius, seating, plinth, place, seat",zuò,blue,
醫院,"spital, hospital, infirmary, hospice",yīyuàn,dark-blue,
既,conj.: since...then,jì,blue,
僅,"scantily, simply, alone, merely, barely, only, but, just",jǐn,orange,
值得,"be worth, merit, pay, rate, behove, worthwhile, worth, worthy, deserve, call_for, command",zhíde,purple,
學者,"academic, literate, pandit, letters, litterateur, learned person, literati, philomath, pundit, academician, faculty member, scholar, bookman, clerk, student, scholarly person, man of letters, man of learning, speleologist, doctor, clerisy, initiate, swami, punditry, savant, learned man, sophist",xuézhě,blue,
八,det.: eight,bā,dark-blue,
交通,"intercourse, commutation, transportation, communication, commuting, traffic, traffic_light, liaison man, communications, dealings, liaison",jiāotōng,blue,
階段,"staged, period, phase angle, stage, gradation, level, peg, grade, remove, phase, leg, step",jiēduàn,grey,
就是,"conj.: even if, even",jiùshì,grey,
申請,apply for,shēnqǐng,dark-red,
主管,person in charge,zhǔguǎn,cyan,
同,"det.: simialr, same",tóng,white,
感覺,"sense perception, feeling",gǎnjué,dark-red,
電視,"TV, box, iconoscope, video, television set, teevee, orthicon, huckster, TV set, radiovision, television, telecasting, airwave, telly",diànshì,tan,
母親,"venter, materfamilias, mother, mither, sultana, maternal, female parent, mater",mǔqīn,yellow,
嘛,particle: used to persuade someone to do something; used to emphasize the obvious,má,yellow,
香港,Hong Kong,xiānggǎng,red,
記者,"journalist, writer, correspondent, newspaperwoman, newspaperman, gazetteer, newswriter, reporter, pressman, newshound, newsman, newsperson",jìzhě,purple,
壓力,"force per unit area, P, strain, overwhelming force, pressure sensation, burdensomeness, oppressiveness, pressure, onerousness, stress, compulsion, constraint, muscle, lading",yālì,black,
快樂,"happy, cheerful",kuàilè,tan,
喝,drink,hē,white,
敢,"dare, make bold, have courage to, be sure, have confidence to, venture, have the confidence to, be certain",gǎn,orange,
院,"public facility, college, courtyard, designation for certain government offices and pub, hospital, clinic, branch of government, university, institutes, compound, abbey, academy, institute, yard, educational institution, faculty",yuàn,hot-pink,
也許,"possibly, peradventure, conceivably, assumedly, mayhap, doubtless, ablings, perhaps, perchance, potentially, probably, maybe, presumably, ablins, just",yěxǔ,orange,
人們,"workforce, hands, work force, folk, people, they, the people, men, manpower, common people",rénmen,dark-blue,
談,"talk, chat",tán,black,
生產,"produce, manufacture",shēngchǎn,white,
怕,"I'm afraid, dread, funk, I suppose, be afraid of, fear",pà,lime,
身體,"soma, system, physical structure, body, health, carcase, corpus, frame, person, somatic, organic structure, personage",shēntǐ,black,
規定,"rules, disciplines, regulations",guīdìng,black,
程度,"latitude, rate, degree, point, measure, way, grade, gree, pitch, cut, length, plane, stage, level, extent, scale, notch",chéngdù,pink,
積極,"positive, active, energetic, vigorous",jījí,blue,
知識,"lear, know-how, understanding, ken, instruction, science, sophistication, consciousness, light, awareness, cognizance, knowledge, lore, mastery, know, cognition, acquaintanceship, mind, intellect, knowingness, equipment",zhīshì,cyan,
作為,"regard as, look on as, take for",zuòwéi,purple,
機構,"internal structure of an organization, motion, gadget, instrumentality, institute, organ, mechanism, gear, representation, mechanics, machinery, apparatus, establishment, institution, means, organization, agency, setup, delegacy, outfit",jīgòu,yellow,
而是,"conj.: if not A, then B",érshì,blue,
鼓勵,"encourage, urge",gǔlì,white,
角色,"theatrical role, character, persona, part, function, office, fictional character, actor, fictitious character, personage, role",jiǎosè,orange,
狀況,"repair, background, picture, state (of affairs), state of affairs, status, gear, scene, setting, scope, condition, state, circumstance, trimness, context, showing, trim, factor, condition/state (of affairs), situation, shoes, consideration, place",zhuàngkuàng,red,
專家,"guru, pundit, adept, expertise, professional person, specializer, specialist, proficient, whiz, oner, expert, swami, savant, dab, professional, authority, stunner, technician",zhuānjiā,purple,
據,"according to, on the grounds of",jù,orange,
清楚,clear,qīngchǔ,cyan,
不僅,conj.: not only,bùjǐn,dark-blue,
比賽,"match, competition",bǐsài,teal,
玩,"amuse oneself, treat lightly, have fun, resort to, enjoy, appreciate, play, toy, trifle with, employ, disport, shoot, amuse onself",wán,light-grey,
效果,"operation, execution, result, effect, background, sound effects, purpose, point, background signal, fruitage, outcome, force, punch",xiàoguǒ,hot-pink,
越,~A~B) the more A the more B,yuè,pink,
保護,"protect, safeguard",bǎohù,tan,
共,"totally, together, in all, in company, altogether",gòng,dark-grey,
開放,"lift a ban/etc., be turned on, be in operation; open to the world, open to traffic or public use",kāifàng,dark-grey,
附近,"neighborship, neighborhood, precinct, vicinity, neighbourhood",fùjìn,grey,
父親,"parent, father, pere, Pa, begetter, governor, abba, male parent, pater, guv",fùqīn,blue,
專業,professional,zhuānyè,orange,
經費,"finances, monetary resource, expenses, expense, expenditure, pecuniary resource, fund, outlay, funds, outgo, cash in hand",jīngfèi,black,
曾經,"in one case, , one time, formerly, syne, at one time, of all time, once, ever",céngjīng,orange,
願意,"will, be willing, please, wish, like, care",yuànyì,lime,
分別,"separately, respectively",fēnbié,hot-pink,
重視,"attach importance to, take sth. seriously, value",zhòngshì,hot-pink,
不少,det.: a lot of,bùshǎo,purple,
歡迎,"invite, greet, take in, receive, welcome, gratulate, embrace, salute",huānyíng,black,
小孩,"kid, tyke, encumbrance, kinchin, youngster, wean, small fry, chick, juvenile, imp, urchin, minor, nestling, prattler, tike, kiddie, tot, fry, bud, mammet, pinafore, nipper, enfant, mite, bairn, chicken, shaver, child, chit, kiddy, infant, tiddler, sprig",xiǎohái,black,
小時,hour,xiǎoshí,dark-red,
中國人,"Chinese person, Chinese people, Chinese",zhōngguórén,cyan,
顯示,"demonstrate, argue, exhibit, prove, display, show, illustrate, manifest, demonstration, announce, stamp, unroll, witness, write, give, evince, dangle, betray, bespeak, say, profess, develop, indicate, signal, flaunt, read, register, manifestation, speak, reveal, evidence, tell, shew, proclaim, discover, stage, bear, establish, record, prognosticate, betoken, note, signalize",xiǎnshì,green,
中共,Chinese Communist Party,zhōnggòng,tan,
出,"produce, turn out, arise, happen",chū,white,
男人,"male, man, chap, mankind, buck, bastard, gentleman, jack, gent, men, blighter, cuss, hombre, lad, adult male, groom, husband, bimbo, dog, fellow, mon, menfolk, fella",nánrén,tan,
避免,"forbear, preclude, refrain_from, forebear, escape, help, elude, leapfrog, refrain from, stave_off, evite, shun, obviate, avoid, evade, waive, help oneself, ward_off, ward, miss, avert, ward off, balk, refrain",bìmiǎn,green,
屬於,"fall under, be part of, pertain, appertain, belong, relegate, fall into, belong_to, fall_under, reside, belong to, attach",shǔyú,cyan,
實施,"put into effect, implement",shíshī,pink,
聲音,"voice, vocal, language, huskiness, vox, vocalization, audio, noise, sonic, tone, sound, phone, audio frequency",shēngyīn,red,
主義,"tenet, principle, hang, system, ticket, creed, philosophy, school of thought, evangel, ism, gospel, masonry, maxim, doctrine, -ism",zhǔyì,cyan,
行動,"action, operation",xíngdòng,teal,
不可,"cannot, should not, must not",bùkě,dark-red,
只有,"can only, have no choice but, to be forced to",zhǐyǒu,tan,
校園,"schoolyard, campus",xiàoyuán,lime,
興趣,"relish, appetite, zestfulness, dish, cup of tea, pastime, hobby, interest, gusto, bag, avocation, zest",xìngqù,yellow,
山,"Shan, jebel, pike, mountain, whitethorn, hump, anything resembling a mountain, gable, kop, chimney, hill, Surname, mount",shān,brown,
表現,"manifestation, expression",biǎoxiàn,purple,
回來,"come back, get_back, recur, revisit, come, return, be back, come_back",huílái,black,
主任,"head, principal, captain, chair, director, head teacher, chief, chairman, school principal",zhǔrèn,purple,
裡面,"inside, interior",lǐmiàn,tan,
經常,"everyday, daily, alway, often, a great deal, frequently, sempre, much, regularly, constantly, evermore, day-to-day",jīngcháng,white,
不再,no more/longer,búzài,green,
電子,electron,diànzǐ,dark-red,
思想,"cogitation, mentation, imagery, imaging, lunatic_fringe, mental imagery, idea, thinking, imagination, ideology, thought, pensee, ideological",sīxiǎng,purple,
頭,"head, hair (style), top/end of sth., chief",tóu,dark-red,
終於,"in the last analysis, at long last, at last, lastly, ultimately, all things considered, out, on the whole, at_last, eventually, in the final analysis, finally",zhōngyū,red,
謝謝,thank,xièxiè,light-grey,
協助,"assist, help",xiézhù,dark-red,
除,except,chú,dark-blue,
當地,"locality, the place (named/mentioned/etc.)",dāngdì,green,
正式,formal (of actions/speeches/etc.),zhèngshì,white,
真正,"true, indeed, certainty",zhēnzhèng,dark-blue,
低,"let droop, hang down, lower",dī,hot-pink,
性,"nature, character, sex, gender",xìng,light-blue,
份,m.[general],fèn,pink,
因素,"consideration, ingredient, constituent, factor, strand, component, element",yīnsù,tan,
推出,present to public,tuīchū,light-blue,
價格,price,jiàgé,dark-blue,
認識,"know, recognize",rènshì,dark-red,
方向,"path, set, directional, aspect, tenor, course, lay, exposure, way, range, aim, trend, direction, bearing, orientation, hand, tack, way of life, quarter, channel, line, heading",fāngxiàng,cyan,
責任,"need, care, encumbrance, buck, accountability, blame, obligation, turn, load, responsibleness, incumbrance, responsibility, onus, commission, burden, commitment, loading, trust, pigeon, charge, business, fault, place, liability, duty, guardianship",zérèn,blue,
說明,"explain, illustrate, show",shuōmíng,dark-grey,
工業,"industrial, industry",gōngyè,orange,
大量,"det.: any numer of, a great many",dàliàng,dark-grey,
逐漸,"step_by_step, by degrees, gradually",zhújiàn,grey,
心理,"mental_state, psychology, mentality",xīnlǐ,orange,
一點,det.: a little bit,yīdiǎn,lime,
供,"supply, feed, be for (the use/convenience of)",gōng,black,
須,"must, have to",xū,hot-pink,
簡單,"terse, casual, commonplace, simple, oversimplified, ordinary, uncomplicated",jiǎndān,lime,
運用,"utilize, wield, apply",yùnyòng,light-blue,
觀察,"observe, survey, inspect",guānchá,green,
往往,"oftentimes, ofttimes, always, more often than not, frequently, oft, often",wǎngwǎng,red,
規劃,"plan, program; program, plan",guīhuà,lime,
減少,"reduce, decrease",jiǎnshǎo,purple,
重新,"over_again, newly, afresh, anew, again",chóngxīn,green,
業務,"service, practice, vocational work, line of work, affair, line, occupation, professional work, business, transaction",yèwù,blue,
報導,"report,",bàodǎo,dark-blue,
仍然,"still, yet",réngrán,cyan,
感到,"feel, sense",gǎndào,cyan,
領域,"demesne, line of business, field of operation, country, background, terrain, realm, part, arena, sphere of influence, setting, territory, precinct, radius, scope, domain, sphere, frontier, orbit, preserve, area, world, kingdom, ambit, signory, province, region, field, universe, hemisphere",lǐngyù,cyan,
有效,"run, stand, valid, effective, efficacious, avail, make, hold",yǒuxiào,light-grey,
女,"girl, female, woman, neodymium, hen, daughter, beaver, creature",nǔ,tan,
從事,"engross, have, join, treat, plow, handle, follow, embark, undertake, attend_to, attack, occupy, absorb, go_into, work, engage, prosecute, go_about, go in for, pursue, be, meddle, embark_on, perform, enter, cover, deal, address, be engaged in, deal with, place, wage",cóngshì,light-grey,
發揮,"bring into play, give free rein to, develop (idea/etc.), elaborate",fāhuī,dark-blue,
人才,"talent, capable person, a talented person, qualified personnel, a person of ability",réncái,light-grey,
反而,"conj.: on the contrary, instead",fǎnér,black,
行政,administration,xíngzhèng,pink,
銀行,"jug, depository financial institution, bank building, banking company, banking concern, bank",yínháng,green,
公共,"common, commonly, publicly, public, communal",gōnggòng,blue,
媒體,"mass media, media, medium",méitǐ,grey,
提高,"raise, heighten, enhance, increase, improve",tígāo,dark-blue,
代,"period, generation",dài,light-grey,
社區,community,shèqū,red,
力量,"fibre, strength, potency, ability, guts, kick, cogency, point, dint, energy, mightiness, physical strength, demon, force, punch, whiz, tooth, might, forcefulness, exercise, fiber, powerfulness, lift, pith, leverage, agency, push, muscle, power",lìliàng,light-grey,
教育部,"Education, Ministry of Education, Department of Education, Education Department",jiàoyūbù,light-grey,
愈,the more...,yū,red,
超過,"overpass, overreach, outwalk, outstrip, overstep, outmarch, distance, pass, overstride, outpace, overtop, surpass, crown, exceed, overtake, preponderate, overrun, top, outrun, go_over, transcend, outrange, transgress, go past, break, excess, overhaul, overshine",chāoguò,dark-blue,
維持,"keep, preserve",wéichí,teal,
家長,"masterman, housemaster, graybeard, patriarch, parent of schoolchildren, patriarchal, goodman, patriarchate, paterfamilias, the head of a family, genearch, patriarchy, householder, head of household, the parent or guadian of a child",jiāzhǎng,black,
結合,"combine, unite, integrate, link, be joined in wedlock",jiéhé,hot-pink,
校長,"prexy, head, principal, headteacher, schoolmaster, master, warden, president, beak, rector, superintendent, director, head teacher, preceptor, headmaster, chancellor, school principal",xiàozhǎng,hot-pink,
通常,"normal, commonly, customarily, more often than not, general, usual, on average, as a rule, ordinarily, mostly, as usual, typically, generally, normally, by and large, unremarkably, on the average, usually",tōngcháng,lime,
缺乏,"be short of, lack",quēfá,dark-red,
委員,"commissar, committee man, committee, committee member, commissioner, committeeman, delegate, board member, commissary",wěiyuán,white,
特色,"motif, a character, a characteristic, manner, trait, differentiation, flavor, colour, singularity, distinction, characteristic, hue, stripe, physiognomy, a distinguishing feature, idiom, specialty, character, difference, particular, distinguishing feature, distinguishing feature/quality, salience, coloration, distinguishing quality, specific, feature, peculiarity, artistic st",tèsè,orange,
有時,"now and then, at times, betweentimes, from time to time, sometimes",yǒushí,dark-red,
教師,"beak, don, school teacher, schoolman, teacher, schoolmaster, preceptor, professor, pedagogue, schoolteacher, coach, master, instructor, educator, preceptorship",jiàoshī,grey,
之前,"before, prior to, ago",zhīqián,light-grey,
遠,"far, distant (lit./fig.)",yuǎn,grey,
控制,"control, dominate, command",kòngzhì,teal,
否則,"conj.: otherwise, if not, or else",fǒuzé,hot-pink,
法,"law, method, way, mode, standard, model, legalists, Legalist School, Buddhist doctrine, dharma, magic arts",fǎ,lime,
少,"lack, be deficient, lose, be missing",shǎo,cyan,
原則,"god, rule, formula, regulation, principle, fundamental, axiom, basis, linguistic rule, faith, principium",yuánzé,dark-blue,
臉,"map, mug, kisser, puss, visage, snoot, frontispiece, pan, smiler, mazzard, mush, facial, countenance, phiz, figurehead, face, physiognomy, front, human face",liǎn,red,
通過,"adopt, pass, carry (motion/legislation)",tōngguò,yellow,
建議,"propose, suggest, recommend",jiànyì,tan,
工具,"stock-in-trade, instrumentality, instrument, ministry, hand_tool, escalator, creature, utensil, material, gear, pawn, lobster-joint, cat's-paw, kit, apparatus, tool, appurtenances, paraphernalia, means, wood, tackle, implement, medium, lever, outfit",gōngjù,light-grey,
作業,"school assignment, work, task, operation, production",zuòyè,dark-red,
達,"lead, attain, extend, amount to, ryke, express, attainment, inform, reach",dá,green,
節目,"item, item (on program), programme, act, telecast, number, program",jiémù,lime,
智慧,"lore, sapiency, sconce, wit, intelligence, gumption, savvy, wiseness, soundness, wisdom, grey_matter, sapience",zhìhuì,red,
來自,"come from, originate from, come, stem/originate from, attach_to, stem, come/stem/originate from, hail",láizì,brown,
變化,"change, transformation",biànhuà,yellow,
同樣,"same, equal, similar",tóngyàng,brown,
形式,"circumstance, form, kind, modality, reading, interpretation, variety, shape, embodiment, species, mode, version, sort",xíngshì,blue,
站,to stand,zhàn,dark-red,
以為,"imagine, think/believe/consider erroneously, treat, deem, believe, suspect, suppose, consider erroneously, repute, animadvert, esteem, trow, speak up, feel, count, believe/consider erroneously, calculate, view as, guess, ween, look, expect, think erroneously, think, hold, opine, interpret, sound off, take_for, consider, take for",yǐwéi,white,
健康,"healthy, sound",jiànkāng,brown,
擔任,"hold the post of, take charge of, assume, take_charge, fill, shoulder, adopt, skipper, assume the office of, assume office of, act_as, take, act as, play, undertake, take over, take on",dānrèn,lime,
人口,population,rénkǒu,cyan,
剛,"exactly, only a short while ago, just now, barely, only just, just",gāng,brown,
特殊,"exceptional, special, particular; peculiar, distinctive",tèshū,dark-blue,
原來,"originally, formerly",yuánlái,hot-pink,
道,"say, speak, talk, think, suppose",dào,teal,
傳統,"rule, patrimony, legacy, custom, heritage, convention, conventionality, routine, normal practice, common practice, tradition",chuántǒng,dark-blue,
總是,always,zǒngshì,brown,
前往,"depart, cruise, go_to, go, leave, go to, proceed to, pay, seek, leave for",qiánwǎng,teal,
投資,investment,tóuzī,red,
加強,"strengthen, augment, reinforce",jiāqiáng,yellow,
不斷,"unceasingly, continuously",búduàn,teal,
對象,"boy/girl friend, mate, fair game, boy friend, prey, boy, object, quarry, target, girl friend, catch, match",duìxiàng,teal,
追求,"seek, pursue, woo, court",zhuīqiú,black,
加上,conj.: in addition (to),jiāshàng,black,
思考,"ponder over, reflect on",sīkǎo,dark-red,
製作,"make, manufacture",zhìzuò,cyan,
台北市,capital of Republic of China on Taiwan,táiběishì,black,
取得,"gain, acquire, obtain",qǔdé,brown,
出來,"come forward, issue, come up, step up, step to the fore, out (toward one), come_out, pop out, come out, rise, come to the fore, step forward, emergence, come forth, emerge",chūlái,dark-grey,
加入,"join, accede to",jiārù,lime,
台,short for Taiwan,tái,dark-grey,
安排,"arrange, plan, fix up, provide (meals/etc.)",ānpái,teal,
兒童,"kid, nipper, enfant, tyke, youngster, small fry, minor, shaver, nestling, tike, child, chit, fry, children, infant, tiddler, small-fry",értóng,red,
國中,"middle school, junior high school",guózhōng,brown,
範圍,"demesne, latitude, shot, compass, extensity, panorama, parameter, boundary, arena, stretch, territory, radius, spectrum, scope, extension, sphere, orbit, circumscription, limits, purview, grasp, extent, region, space, limit, hemisphere, horizon, envelope, bounds, realm, terrain, tether, sphere of influence, range, circuit, domain, precinct, reach, area, length, spread, bailiwick, ambit, con",fànwéi,black,
老人,"oldster, ancient, old woman, crock, one's aged parents or grandparents, old man/woman, one's aged parents/grandparents, Sir, old person, gaffer, pop, one's aged parents, the aged/old, old_man, senior_citizen, oldie, greybeard, old man, graybeard, old, grandparents, the old, the aged, senior citizen, old_boy, old boy, woman, old-timer, old man or woman, one's aged grandparents",lǎorén,tan,
雙方,"both, the two parties, two parties, both sides",shuāngfāng,brown,
牠,it (animal),tā,teal,
北京,"capital of Red China, Beijing, Peking, Beijing (Peking), Peiping",běijīng,yellow,
年輕,"junior, young",niánqīng,light-grey,
結束,"end, close, conclude",jiéshù,cyan,
教,teach,jiāo,grey,
程式,"formula, instruction, computer programme, pattern, form, modality, subprogram, routine, programme, course, function, subroutine, procedure, mode, order, sequence, computer program, program",chéngshì,white,
婦女,"feme, womankind, female, femininity, cummer, woman, femme, quean, bevy, matron, toots, womanhood, feminine, womenfolk, women",fùnǔ,light-grey,
找到,"light upon, find, discover, run_down, founded, regain, strike, come upon, come across, run down, trace, turn_up, happen upon, get, chance on, chance upon",zhǎodào,dark-blue,
彼此,"each other, one another, I/me too",bǐcǐ,lime,
全球,"global, whole world",quánqiú,pink,
成本,cost,chéngběn,cyan,
回到,"remount, retour, recur, turn back, regress, regain, revert, go_back, return to, return, go back to",huídào,dark-red,
部,m.[general],bù,grey,
而已,particle: imparting finality (that's all),éryǐ,white,
之下,"under the condition of, under, beneath, below",zhīxià,yellow,
變,"change, transform",biàn,grey,
期間,"length, period, time period, amount of time, duration, course, interim, period of time, time, standing, chapter, tract, space, term, streak, efflux",qíjiān,teal,
非,not,fēi,dark-grey,
小姐,"Signorina, Senorita, senorita, signorina, young_lady, damosel, Dona, mum, young lady, damoiselle, missy, tootsy, demoiselle, damsel, Miss, Fraulein, miss, sheila, sister, toots, senhorita, damozel, Ladyship, ladyship, Mademoiselle, mademoiselle",xiǎojiě,white,
整體,"integrity, allness, entirety, integer, integral, monolith, entireness, ensemble, wholeness, entire, tout ensemble, whole, totality, unity",zhěngtǐ,hot-pink,
採用,"invoke, admit, assume, adoptive, use, adopt, select for use, embrace, accept, employment, take, introduce, take up, take_on, take over, take on, borrow, employ, adoption",cǎiyòng,purple,
根本,"at all, utterly",gēnběn,pink,
叫,to be called,jiào,pink,
歐洲,Europe,ōuzhōu,light-blue,
正在,"course of, be, be in process",zhèngzài,purple,
加以,handle; treat (used before polysyllabic verbs or verbal nouns),jiāyǐ,yellow,
充滿,"swarm, be brimming, inhabit, be brimming with, teem, crawl, fill, lard, pullulate with, brim, be permeated with, bathe, be filled with, permeated with, abound in, implement, exuberate, fill up, flow, abound, burst, perfuse, foam, bristle, crackle, inform, pervade, be imbued with, simmer, glut, teem in, permeate, congest, be full of, reek, charge, suffuse, pullulate, overfill, swell",chōngmǎn,green,
系列,"succession, set, spectrum, course, train, series",xìliè,black,
隨著,"along with, in the wake of, in pace with",suízhe,tan,
早,"early, long ago, in advance, beforehand, prematurely",zǎo,purple,
等等,"conj.: and so on, etc",děngděng,cyan,
頗,"pretty, quite an, very, quite, jolly, fearfully, quite a, molto, middling, considerably, greatly",pǒ,grey,
不足,"not be enough, not be worth (doing sth.), cannot, should not",bùzú,light-blue,
總,"always, invariably, anyway, after all, inevitably, sooner or later",zǒng,light-grey,
分析,analyze,fēnxī,orange,
深,"deepen, penetrating, profound, deep, dark",shēn,green,
報告,"report, speech, (student) term paper",bàogào,light-grey,
不錯,"not bad, pretty good;correct, right",búcuò,red,
在於,"be at, on, lie, in, depend on, lie_in, rest with, lie in, be determined by, consist_in, consist in",zàiyū,yellow,
旁,"side, by the side of, other",páng,black,
笑,"smile, laugh",xiào,brown,
故,"conj.: hence, so, therefore, as a result",gù,light-blue,
消費者,"customer, buyer, consumer",xiāofèizhě,yellow,
意識,"consciousness, witting, sensibility, conscious, conscience, ideology, awareness, subconscious, mentality",yìshì,yellow,
公尺,m.[standard],gōngchǐ,hot-pink,
民族,"tribe, citizenry, ethnos, ethnic minority/group, race, nationality, group, Volk, nation, folk, people, ethnic group, ethnographer, family, ethnic minority",mínzú,purple,
為主,give first place to,wéizhǔ,light-blue,
大眾,"the broad masses, roughscuff, the public, herd, concourse, commonality, riffraff, masses, commonness, the masses, throng, multitude, commonage, commonalty, plebeian, plebs, horde, the people/masses, community, the people, million, mass, public",dàzhòng,hot-pink,
到底,"to the end, at last, after all",dàodǐ,purple,
願,"will, wish, may, desire",yuàn,hot-pink,
度,m.[activity],dù,lime,
大概,"chiefly, if not, perchance, approximately, believably, maybe, presumably, plausibly, almost, conceivably, most likely, assumedly, ablings, likely, perhaps, probably, supposedly, ablins, credibly, assumably, belike",dàgài,pink,
對方,"other party, the other party, fellow, party, other side, adversary, other side/party",duìfāng,dark-blue,
官員,"beg, official, mandarinate, administrative official, office-bearer, officer, bureaucrat, placeman, federal agent, government officials, agent, officialism, functionary, director, officeholder, officialdom, myrmidon",guānyuán,dark-grey,
發表,"voice, enounce, enunciate, publish, free, sound, announce, pronounce, deliver, circulation, put_out, release, issue, vend, circularize, give, give_out, denote, present, circulate, publicize, blazon, promulgate, mouth",fābiǎo,purple,
進一步,go step further,jìnyībù,grey,
自由,"free, unrestrained",zìyóu,purple,
正確,"correct, true, exact, proper, right",zhèngquè,orange,
豐富,"rich, abundant, plentiful",fēngfù,white,
國民黨,"Kuomintang, Nationalist Party, Kuomintang (KMT)",guómíndǎng,yellow,
戰爭,"war, warfare",zhànzhēng,pink,
怎麼樣,How are things?,zěnmeyàng,red,
只好,"can only, have no choice but, have to, be forced to",zhǐhǎo,orange,
明顯,"clear, obvious",míngxiǎn,light-blue,
改革,reform,gǎigé,white,
表達,"express, convey, voice",biǎodá,blue,
肯定,"affirm, approve, regard as positive",kěndìng,grey,
強,"strong, powerful, vigorous, better, slightly more than, plus",qiáng,brown,
高興,"glad, happy, cheerful, merry, pleased",gāoxìng,tan,
哪,det.: which,nǎ,lime,
樹,"wood, Ruptiliocarpon caracolito, tree, arbor, Surname, caracolito",shù,purple,
適合,"qualify, conform, fit, go, befit, quadrate, will, accord, tailor, beseem, serve, comport, gee, answer, become, fit_in, service, pertain, like, accommodate, agree, belong, characterize, make, suit, match",shìhé,yellow,
茶,tea,chá,orange,
別,don't,bié,dark-grey,
國外,overseas,guówài,red,
關心,be concerned about,guānxīn,pink,
蘇聯,"Russia, Soviet, USSR, Soviet Union",sūlián,dark-red,
成績,"execution, carrying into action, achievement, result, showing, carrying out, performance, grade, success, doing, batting average",chéngjī,teal,
人物,"character, persona, original, spirit, figure painting, character in literature, figure, person in literature, person, fish, personage, personality",rénwù,teal,
聽到,hear,tīngdào,dark-grey,
創造,"create, produce, bring about",chuàngzào,brown,
不必,"need not, not have to",búbì,orange,
不論,conj.: no matter how/who/what/etc.,búlùn,yellow,
尚,"still, yet, fairly, rather",shàng,green,
居民,"municipality, population, citizen, denizen, townie, people, dweller, populace, residenter, resident, towny, inhabitant, habitant, liver",jūmín,light-blue,
不管,"conj.: no matter, regardless of",bùguǎn,cyan,
美麗,beautiful,měilì,lime,
伊拉克,"Al-Iraq, Iraq, Irak",yīlākè,light-blue,
帶來,"bring, redound, impart, bring_on, bring on, express, fetch, lend, convey, contribute, bring about, bestow, carry, bring oneself, add, usher, incur, land",dàilái,pink,
般,"way, kind, variety, sort",bān,dark-grey,
永遠,"e'er, always, for_good, evermore, ever, forever",yǒngyuǎn,teal,
感情,"warmheartedness, reticence, sensation, affection, susceptibility, feeling, feelings, heart, affective, withers, expression, tenderness, emotion, sentiment, fondness, soul, affectionateness, soulfulness, passion",gǎnqíng,pink,
兒子,"son, male offspring, boy",érzi,tan,
這樣子,"so, such, like this, this way",zhèyàngzi,dark-grey,
起,[aspect],qǐ,red,
全部,"lot, aggregate, all, gross, entirety, allness, shebang, caboodle, complete, bunch, sum, total, gamut, entire, det.: all, totality, whole, everything",quánbù,dark-grey,
